locusId,sysName,desc,Time 0,No phage 16 hours,No phage 24 hours,No phage 36 hours,,,phyto11 MOI 10 16 hours,phyto11 MOI 10 24 hours,phyto11 MOI 10 36 hours,phyto11 MOI 1 16 hours,phyto11 MOI 1 24 hours,phyto11 MOI 1 36 hours,phyto11 MOI 0.1 16 hours,phyto11 MOI 0.1 24 hours,phyto11 MOI 0.1 36 hours,,phyto5 MOI 10 16 hours,phyto5 MOI 10 24 hours,phyto5 MOI 10 36 hours,phyto5 MOI 1 16 hours,phyto5 MOI 1 24 hours,phyto5 MOI 1 36 hours,phyto5 MOI 0.1 16 hours,phyto5 MOI 0.1 24 hours,phyto5 MOI 0.1 36 hours,,phyto7 MOI 10 16 hours,phyto7 MOI 10 24 hours,phyto7 MOI 10 36 hours,phyto7 MOI 1 16 hours,phyto7 MOI 1 24 hours,phyto7 MOI 1 36 hours,phyto7 MOI 0.1 16 hours,phyto7 MOI 0.1 24 hours,phyto7 MOI 0.1 36 hours,,phyto8 MOI 10 16 hours,phyto7 MOI 10 24 hours,phyto7 MOI 10 36 hours,phyto7 MOI 1 16 hours,phyto7 MOI 1 24 hours,phyto7 MOI 1 36 hours,phyto7 MOI 0.1 16 hours,phyto7 MOI 0.1 24 hours,phyto7 MOI 0.1 36 hours,,phyto9 MOI 10 16 hours,phyto9 MOI 10 24 hours,phyto9 MOI 10 36 hours,phyto9 MOI 1 16 hours,phyto9 MOI 1 24 hours,phyto9 MOI 1 36 hours,phyto9 MOI 0.1 16 hours,phyto9 MOI 0.1 24 hours,phyto9 MOI 0.1 36 hours,,Phyto1 MOI 10 16 hours,Phyto1 MOI 10 24 hours,Phyto1 MOI 10 36 hours,Phyto1 MOI 1 16 hours,Phyto1 MOI 1 24 hours,Phyto1 MOI 1 36 hours,Phyto1 MOI 0.1 16 hours,Phyto1 MOI 0.1 24 hours,Phyto1 MOI 0.1 36 hours,,Phyto2 MOI 10 16 hours,Phyto2 MOI 10 24 hours,Phyto2 MOI 10 36 hours,Phyto2 MOI 1 16 hours,Phyto2 MOI 1 24 hours,Phyto2 MOI 1 36 hours,Phyto2 MOI 0.1 16 hours,Phyto2 MOI 0.1 24 hours,Phyto2 MOI 0.1 36 hours,,Phyto3 MOI 10 16 hours,Phyto3 MOI 10 24 hours,Phyto3 MOI 10 36 hours,Phyto3 MOI 1 16 hours,Phyto3 MOI 1 24 hours,Phyto3 MOI 1 36 hours,Phyto3 MOI 0.1 16 hours,Phyto3 MOI 0.1 24 hours,Phyto3 MOI 0.1 36 hours,,phyto10 MOI 10 16 hours,phyto10 MOI 10 24 hours,phyto10 MOI 10 36 hours,phyto10 MOI 1 16 hours,phyto10 MOI 1 24 hours,phyto10 MOI 1 36 hours,phyto10 MOI 0.1 16 hours,phyto10 MOI 0.1 24 hours,phyto10 MOI 0.1 36 hours,,Phyto4 MOI 10 16 hours,Phyto4 MOI 10 24 hours,Phyto4 MOI 10 36 hours,Phyto4 MOI 1 16 hours,Phyto4 MOI 1 24 hours,Phyto4 MOI 1 36 hours,Phyto4 MOI 0.1 16 hours,Phyto4 MOI 0.1 24 hours,Phyto4 MOI 0.1 36 hours,,Phyto6 MOI 10 16 hours,Phyto6 MOI 10 24 hours,Phyto6 MOI 10 36 hours,Phyto6 MOI 1 16 hours,Phyto6 MOI 1 24 hours,Phyto6 MOI 1 36 hours,Phyto6 MOI 0.1 16 hours,Phyto6 MOI 0.1 24 hours,Phyto6 MOI 0.1 36 hours
BPHYT_RS04300,BPHYT_RS04300,family 2 glycosyl transferase,-0.024565359,-0.169923908,-0.044306051,-0.083635856,,,2.134968315,1.507944683,1.505929392,0.025963125,0.325671711,0.257534284,-0.507178596,0.10527197,-0.087167762,,2.274977256,1.914394411,2.286080788,2.877111899,2.262836263,3.113249551,2.709363431,2.326046194,2.221180972,,1.499927639,1.719198161,2.254774547,0.74301112,0.460142798,0.620175541,0.01839071,-0.155441602,0.034306739,,2.401311343,0.459736212,0.8596432,1.14264644,-0.089836868,0.450791864,0.09222447,-0.280627269,-0.113432502,,0.053160409,1.003091199,1.33597344,-0.346306855,0.161142046,0.246774245,-0.322699466,0.056103412,-0.273857525,,3.739068046,0.28539984,0.293180848,0.753421358,-0.306349067,-0.161759413,-0.135300208,-0.239529988,-0.03033594,,5.138861725,2.837924766,4.004398215,2.995875442,0.486080913,1.123958468,0.660680537,0.13053613,0.113271704,,1.546580221,1.752912168,2.070871614,4.307503862,0.150739791,0.532551749,0.977205773,-0.088392888,0.072671839,,3.017108513,0.417430728,0.97592031,0.943577329,-0.081314418,0.074283807,0.174865615,-0.113033839,-0.054053044,,2.799597109,2.387599396,2.718494135,0.983901922,0.685740601,0.679308753,0.018125511,-0.00838638,0.089016997,,4.493077782,1.695364274,2.56130625,2.739653934,0.282077199,0.733702992,0.898713088,-0.244084559,0.016212727
BPHYT_RS04315,BPHYT_RS04315,UDP-N-acetylglucosamine 2-epimerase,-0.011263323,-0.041443694,-0.011570007,0.167966867,,,2.313337406,1.697001959,1.814206259,0.178317293,0.072313201,0.431427137,-0.50703656,0.075656575,0.189253035,,2.104577415,2.32280835,2.444916946,2.774074156,2.740190749,3.394539876,2.383946287,2.682599292,2.45611904,,1.858780478,1.436294812,2.004179931,0.650722261,0.269723151,1.04584999,0.195992552,0.219076358,0.160058621,,1.919106717,0.743437131,0.926508713,1.23005939,0.357804383,0.40056083,0.20305183,0.239112493,0.473245642,,-0.31312118,1.235920753,1.670300029,-0.080878674,0.193908741,0.27746956,-0.304592689,0.380387428,0.185264905,,4.258419649,0.434062767,0.551403408,1.092672214,0.254678023,0.375289965,0.213107092,-0.071100163,0.086822081,,4.921211917,3.085097389,4.244786594,3.211595457,1.353705036,1.469041022,0.873570438,0.138851992,0.495519053,,0.774895757,2.164607599,2.709299049,4.666118541,0.468722488,0.718000824,1.259917585,0.201762759,0.397399051,,3.650360212,0.990478453,1.443675977,1.162900227,0.367078662,0.185538061,0.241837961,-0.121913646,-0.028726596,,3.140741405,2.803854714,3.228384038,0.909081676,0.90393408,1.177601508,0.2516564,0.174512382,0.435573531,,4.766271684,2.216217329,3.00840312,3.114781986,0.562749421,1.027727626,0.769129031,0.198086717,0.429461885
BPHYT_RS04320,BPHYT_RS04320,hypothetical protein,-0.000799616,0.01360123,-0.032597413,0.071161911,,,-1.529706735,-1.97081266,-2.087282891,-1.194096157,-1.486774316,-1.844466024,-0.192772244,-0.284970766,-0.084479377,,2.443347524,2.178149604,2.467369707,2.818681899,2.604748482,3.327421636,2.841785072,2.604627389,2.152583599,,0.017485333,0.147667503,0.09133106,0.388622782,-0.049925288,-0.077992793,-0.102464404,0.006403212,0.025871204,,0.047887731,-0.251541387,-0.142178216,0.220106325,0.06829512,-0.050556156,-0.166547393,0.326427966,-0.137484336,,0.021805407,-0.116653517,-0.403407559,0.082615458,-0.140781876,0.06258889,0.154687439,0.072078809,-0.112112119,,4.017245566,0.386155142,0.588768479,1.176213153,-0.323126977,-0.066758379,0.029258069,0.004459964,-0.064493946,,0.051645805,-0.001394121,-0.222768351,0.134286804,-0.046536312,-0.071077006,0.016962555,0.059981651,0.080741668,,0.06013111,1.589639904,2.085802677,3.513365312,0.200679416,0.415857697,1.070122332,-0.061673686,-0.024425283,,-1.418500946,-2.707829668,-2.888661558,-2.019175719,-1.409457575,-1.294029384,-1.093706849,-0.232842024,-0.428791923,,-0.700601008,-0.649569493,-0.480927598,-0.571744271,-0.438811275,-0.393155403,-0.035314401,-0.007694746,-0.108420335,,-0.211878621,-0.167949613,-0.233070769,-0.315845512,-0.357905994,-0.011473871,0.23567632,-0.224163578,0.053721408
BPHYT_RS04340,BPHYT_RS04340,hypothetical protein,-0.105177743,0.077419858,-0.224620922,-0.511403728,,,0.147966581,-0.389034485,-0.626187548,-0.858111943,-1.486591447,-1.866072879,-1.131883967,-1.688726991,-1.099509472,,2.729088416,1.68627222,1.573993284,2.491003619,2.594489384,2.474285033,2.844951535,1.730707113,1.429566713,,-0.040920362,0.565403265,0.253619743,-0.581771538,-0.270322604,-0.653048169,-0.973662341,-1.235569326,-1.717250787,,1.207583078,0.350511401,-0.391164988,-0.098481919,-1.68181999,-1.971487538,-1.273114312,-1.222251849,-0.999303126,,-1.112768172,-0.801271368,-0.166485442,0.30793689,-0.616879065,-1.505836603,-0.360018097,-1.428553275,-1.062511347,,4.137715536,-0.440511736,0.186963402,-0.191558725,-0.083065515,0.40443473,-0.343583281,-0.146713128,-0.520365794,,2.08233834,1.432956405,1.902829989,1.911134439,1.059305169,0.670449768,0.62916456,-0.179898336,0.07172953,,0.308779849,1.356990192,1.768388494,2.281926882,0.360846246,-0.996022034,0.17478319,-0.00260081,0.160302743,,1.530361798,0.034146494,0.298637991,-0.419284554,-0.420481297,-1.041368134,-0.811028793,0.034504362,-0.620008519,,1.863205043,2.15328654,3.042986764,0.013965105,0.282928759,1.064022351,-0.208054273,-0.404420347,0.726538737,,3.097702677,2.320700912,2.553630407,2.31914605,0.677184496,0.531398019,-0.320844749,0.237898719,-0.910760278
BPHYT_RS04350,BPHYT_RS04350,membrane protein,0.012083074,-0.17230496,-0.221910917,0.007989494,,,-1.956665433,-2.700842527,-2.545345639,-3.686157402,-3.27388048,-3.05850208,-2.451815772,-2.496300261,-2.991280651,,0.058547348,-0.017751322,-0.111995198,0.193902484,-0.117660844,0.050216231,0.034553427,0.005293592,-0.079834701,,0.200477349,0.650449541,0.817035356,-1.274197603,-1.107622237,-1.432834944,-2.300045354,-2.053806392,-2.624209509,,0.473335599,-1.029611936,-1.343467592,-1.191065225,-1.889426603,-2.552394738,-2.092176424,-1.738316077,-1.920763756,,-2.675607639,-0.788626419,-1.056792955,-0.931551543,-2.08300862,-1.964780423,-0.193631093,-2.14434923,-2.43110082,,4.108228881,0.2068371,0.518434949,0.98028571,-0.123201058,-0.069093446,-0.196562023,0.035223294,-0.054866849,,5.605310384,3.157224919,4.170142031,3.330340276,0.877215519,1.018569755,0.778172051,0.011763291,0.018380687,,-0.061939525,-0.956026624,-1.090973944,-0.768945039,-0.514311372,-0.305454594,-0.99764021,0.053971175,0.004281129,,0.039884364,-0.134928357,-0.170357148,-0.042046941,-0.017129493,-0.080354384,-0.160834601,-0.224121656,-0.047951206,,0.319571725,0.038711933,-0.556106255,-0.022109479,-0.236776281,-0.034419662,-0.28526864,-0.144171904,-0.149916239,,0.304299749,-0.123349851,-0.025068898,-0.185560503,0.053700377,-0.178574532,0.016202804,-0.075593876,-0.16833998
BPHYT_RS04385,BPHYT_RS04385,nucleoside-diphosphate sugar oxidoreductase,-0.023657025,0.136471314,0.148428991,0.272303642,,,2.547757992,1.741589426,0.185942379,-0.099001683,0.712127958,0.146013198,-0.500448174,-0.415133129,0.117669097,,0.845130985,1.474154791,0.618303618,2.314620852,0.834392864,2.06269961,1.861206384,1.062797881,1.598788142,,1.74721487,1.648640582,2.101952852,-0.075516943,0.675234861,1.068323499,0.090845084,0.633579155,0.01114758,,2.629679057,0.771843835,0.610854742,1.341048854,-0.082622413,0.30006892,0.519209867,0.235190846,-0.4481192,,0.501111333,1.361311903,1.890350013,-0.381322745,0.674385543,0.92326723,0.347500399,0.395727286,0.382296481,,4.071192144,0.440168245,0.474650145,0.417645259,-0.437990221,0.007070206,0.041164136,0.945134956,0.714294003,,6.23492351,2.0803129,2.48937284,3.264950718,0.517831834,0.808675234,0.813978863,0.538127866,0.64012965,,0.810494989,2.203608587,3.113673533,3.993871827,0.685287746,0.432148654,1.008008328,0.463387204,0.101206077,,3.052641216,1.02289515,1.326384817,1.08322953,0.262380853,-0.362823826,-0.037074113,0.693306671,0.505492552,,3.676956494,2.30846753,3.2419354,0.233479233,0.598281212,1.538316613,-0.088069454,0.008141289,0.183214928,,4.838278331,2.166370649,2.494883077,2.469189976,0.438854423,0.251206942,0.242281473,0.128496862,-0.093924197
BPHYT_RS06175,BPHYT_RS06175,LPS biosynthesis,-0.028235264,0.233252262,1.13452211,0.917011666,,,1.960535003,3.691129767,2.971048835,0.538086247,2.178733899,1.403180879,0.608035938,1.857372705,1.677585076,,3.169436191,3.91400049,4.634663819,3.718582877,3.849598863,5.172828921,4.201594036,4.006746745,5.491627548,,3.386492813,3.246567606,4.100734163,0.416434017,2.399707969,2.241965115,0.592679735,0.900089,0.862809587,,3.562029613,2.374536368,1.903797568,2.001700108,2.184585112,1.578652286,0.654078788,1.15586818,1.358222066,,0.227531689,2.64983749,2.791036615,-0.246381786,1.638178771,1.49195154,0.470663759,1.58407063,1.429454772,,4.875304472,1.490453047,1.535090942,1.022703767,0.938027118,1.358909628,0.060296728,0.963393816,1.555947395,,6.074644043,4.5969845,6.426386755,3.553824953,2.176310298,3.27818964,1.11077204,1.491992591,1.528353746,,2.151300083,3.85896586,4.780079827,5.489459814,2.153663813,2.043873594,1.010047924,1.22487792,1.658825187,,4.122887604,1.809243476,2.464188587,1.354872984,1.585047275,1.349598562,-0.42092501,1.129271803,1.321639519,,4.389364887,3.92163408,4.595952527,1.346217773,2.160988314,2.213972656,0.587925501,1.196717974,1.658913447,,5.785300312,3.412873926,5.266571398,3.162829269,1.53173144,2.469121613,2.022277019,1.144366573,1.584485104
BPHYT_RS06195,BPHYT_RS06195,membrane protein,-0.028671213,-0.142706868,-0.155379758,0.298612706,,,2.405394607,0.919536588,1.33746763,-0.659622116,0.207630887,0.644330952,-0.406110941,0.17276946,-0.079128359,,0.221744399,0.064987962,1.058408955,-0.507775858,0.83449274,0.292302707,0.158688255,0.167430303,-0.599192235,,0.846899286,1.541121957,2.186142467,1.200947089,-0.093215394,1.088793445,-1.151828141,0.528197591,0.494317436,,1.811570194,0.011570281,1.630599651,-0.141656908,0.081520763,0.42247703,0.398647641,-0.609094481,-0.296004409,,-0.129868924,2.04342621,1.768664142,-1.128987886,0.062269794,-0.216595217,0.039025424,0.348144348,0.516367512,,4.228910331,0.033872345,0.737024111,1.76807462,0.386750097,0.376168945,0.72340236,0.449223599,-3.46351E-05,,5.333053842,3.413837576,4.965788223,3.034446943,1.145624303,1.318356792,0.801198432,0.280863414,0.395536641,,1.010652805,2.003872969,1.898141223,3.847962131,-0.187925486,0.678250974,1.348643998,0.04824259,0.274233463,,3.300014947,0.984009389,1.06013889,1.479046217,0.138013573,-0.431739265,-0.249910544,-0.876130769,-0.32665756,,2.527289025,2.725917445,3.75621934,0.264945928,0.58533081,1.382131334,-0.594888529,0.568051105,-0.007059447,,5.013114035,1.842521685,2.106935794,1.844107319,0.626843808,1.348376805,-0.88834658,-0.21302982,0.015565514
BPHYT_RS06530,BPHYT_RS06530,membrane protein,-0.039692753,1.101228519,2.276726779,1.77808722,,,3.905365534,2.748033866,3.083929465,1.91383188,2.55739198,2.491130476,1.528990524,1.901397478,1.982336487,,0.934361611,3.374751304,4.562300185,2.398152917,3.609242518,3.712550229,1.38924262,3.463070515,4.442185998,,4.127879425,3.655688504,4.61933953,1.061627113,2.299172786,2.818655333,1.279008701,1.83039558,2.077004903,,2.350199638,2.285594755,2.673950638,1.35068707,2.160438576,2.139535962,0.592639528,2.073185973,1.083716421,,2.38457012,2.073585637,1.273993209,0.363736911,1.736769036,1.906487727,2.846747735,1.926399132,1.901902563,,-1.552943307,0.025127707,-0.536048015,-1.763494585,1.010911157,1.985532771,-0.613094396,1.93652943,1.813020496,,-1.226477561,0.545229432,0.515706756,-1.17737662,1.521087049,2.136025618,-1.311787224,1.709877581,1.922263821,,0.545214469,-0.640664707,2.112033256,-0.412170928,1.812683851,2.127757329,-1.431395014,1.361570542,1.741988824,,5.125688918,0.266046624,0.295198228,3.195722849,2.318613632,2.140207855,2.793117187,1.586552969,1.974622808,,5.553626281,1.938880794,1.907602739,3.227020656,2.572813596,2.548098747,2.269459647,2.697863396,1.759898676,,4.891849611,2.554472663,3.47095658,4.347004433,2.644869151,2.795103381,2.676106358,2.163265432,1.630595885
BPHYT_RS09500,BPHYT_RS09500,glucose-6-phosphate isomerase,0.05024313,0.66047377,1.431871138,1.626434515,,,3.327735576,3.066075777,2.91018221,1.36835172,1.745399041,1.917621116,0.345383464,1.486274186,1.753957882,,3.540567708,3.455487279,4.330466585,4.184172447,3.767410496,5.016363708,4.015842014,3.695810216,4.525399894,,3.107287838,3.092175789,4.59378629,2.070039383,2.101146406,2.784964277,0.799088189,1.491526285,1.065368969,,3.39770342,1.827826207,2.571833788,2.305551094,1.49204685,1.593058544,1.27407557,1.324894697,1.805672031,,0.695729909,2.298815583,3.029372328,1.015895066,1.834713775,1.732649755,0.687146124,1.222018292,1.456477451,,5.011926232,1.737143679,2.170638096,1.842145819,1.480358824,1.983681732,0.678552969,1.406715122,2.144751198,,6.261744056,4.556734364,6.015059557,4.110707461,2.731074681,3.419597703,1.720690152,1.696505437,1.741558963,,2.128112299,3.778231111,4.792351922,5.467497835,2.148282296,2.561171602,2.051218283,1.357457635,1.857633782,,4.511274577,1.914317156,2.972847416,2.524722464,1.70871695,2.082497287,0.837194664,1.574798284,1.775885755,,4.273191318,4.158876473,4.901442272,2.35664594,2.230763534,2.983398923,1.313365877,1.697719617,2.187331629,,6.053208898,3.503517012,5.328486025,3.803784711,2.04239582,2.943117688,2.082310025,1.549121709,1.92030867
BPHYT_RS12465,BPHYT_RS12465,inositol monophosphatase,0.031332594,0.642969502,0.976736874,0.822629928,,,1.325359986,0.24811433,-0.632398202,0.640830372,1.052624218,0.906772122,0.306551834,1.254701641,0.429235083,,1.865900629,1.040338774,0.760516362,1.088512743,1.558907943,1.356812771,1.123495868,1.394931233,-0.219511333,,0.878275935,0.66055496,0.535624619,1.419018863,0.529916773,0.929813355,-0.215118961,1.766390171,-0.103705941,,1.334762184,1.176709629,0.935370326,2.304456805,2.019490565,0.790216743,1.415702276,1.181856991,0.182912015,,0.652075683,0.822337949,1.117785633,-0.398264973,0.714175469,0.81301847,-0.013282813,0.84624768,1.003995121,,2.443112681,0.321723237,0.389388236,0.229095354,0.833856142,1.092187453,-0.344291814,1.212042428,1.121778608,,4.849337318,3.943738926,4.377459344,2.98799375,2.136935767,1.65245931,1.641776059,1.142607187,1.260451708,,2.2653289,2.932761718,3.082299823,3.891724947,1.168277788,1.639955111,0.504678226,1.188522959,0.955200284,,0.106688078,-2.108877515,-1.552766572,-1.116734603,0.197954586,-0.03433589,-0.180721833,0.759981018,0.858873436,,0.798447498,-0.604753294,0.030092821,-0.163754561,0.401393301,0.193572655,-0.322952214,0.817076994,0.83610344,,-1.231453657,0.0052137,0.150121123,-1.402662368,0.813356546,-0.220987561,-0.486606456,1.184983321,1.232548426
BPHYT_RS12845,BPHYT_RS12845,ATPase,-0.014510422,0.763271739,1.783968638,1.678007361,,,2.193269874,2.697405732,2.648707447,0.955524929,2.128479705,1.900670103,0.58492038,1.988689067,1.597625274,,0.166762135,0.921207132,1.210187698,0.343423548,0.992274891,1.594952201,0.660197066,1.40086079,1.214426856,,1.642565702,2.503396662,3.139413786,1.57351553,2.4409475,2.38144991,0.695343482,1.600117576,1.345506888,,1.978356543,2.527927207,2.353849961,2.003405057,2.032161438,1.740970325,1.260999647,1.785502857,1.631922152,,0.66251478,2.586160754,2.795323468,0.277171137,2.176562958,1.797068582,0.649739248,2.00932726,1.620262328,,2.504758103,1.959226622,1.847142008,0.965338509,1.826253909,1.830135662,0.671135999,1.814932915,1.807675665,,1.260459586,1.756032579,3.357134628,0.7493713,1.868180732,2.434275713,0.442977744,1.859039829,1.795587377,,-0.50530666,3.420484002,4.454254736,2.466990606,2.353489157,2.583911974,1.06250914,1.942514834,1.911368115,,1.024270594,1.774945607,1.964397653,1.102289671,1.93338611,1.985964329,0.654046153,1.992801826,2.018720619,,-0.548355442,1.277634589,1.35821128,-0.013406596,1.839802106,2.048098814,0.478739702,2.020606815,1.853314032,,-0.51282826,2.007173274,2.49231709,-0.186455127,2.171660993,2.082174502,0.179690915,2.024435017,1.814382857
BPHYT_RS14140,BPHYT_RS14140,phosphate transporter permease subunit PstC,0.016552527,1.263135813,2.280533371,2.795637293,,,2.863791861,3.021315278,3.770093373,1.644422581,2.563795918,3.072710155,1.425674656,2.401879817,2.729336822,,1.155274645,1.87711786,2.914376272,0.850550124,1.656509512,3.313376926,1.293293749,1.963686973,3.016239201,,1.759359577,2.424993961,3.776293195,1.690118414,2.877746098,3.505333096,1.291407645,1.779198764,2.374768728,,1.654356356,2.592013876,3.15780337,2.148501883,2.188693681,2.6687595,1.713657899,2.402157225,3.081914078,,1.542669708,2.199612446,3.535423688,1.148552335,2.496211411,2.561906785,1.731364397,2.55276903,2.797106617,,2.582401818,2.586948731,2.834670376,1.345198938,2.415877732,3.063233609,0.975081228,2.363327846,2.816508074,,1.427654519,1.21494544,3.019042766,-0.312591207,1.645927983,2.249628698,-0.090390607,2.198223319,2.624969199,,0.271258534,1.867820234,3.921451143,1.494052174,2.466761145,3.467772791,0.779235822,2.387664594,2.978645231,,2.649655514,2.628119954,3.12985352,2.540757786,2.540776901,2.859370876,1.379428432,2.712348537,3.127980802,,1.31648846,2.752324843,3.708803228,1.556566592,3.012278212,3.772339251,1.404644037,2.858907408,3.193211357,,-0.560532224,3.238167011,4.53796445,1.130935091,3.052338771,3.499773932,1.525879295,2.712125162,2.860253363
BPHYT_RS15130,BPHYT_RS15130,3-oxoacyl-ACP synthase,-0.003534671,0.063048165,-0.076098194,-0.081082512,,,0.086077434,0.069524738,-0.189474014,-0.061182517,-0.380368854,-0.115509595,-0.125232535,-0.258665631,0.03265467,,-0.149788705,0.026632493,-0.380833245,-0.006687188,-0.1046724,-0.04629072,0.004118773,-0.164824336,-0.158501096,,-0.212589158,-0.031795495,-0.205224821,0.139002839,0.046699545,-0.413968648,-0.028368042,0.061175448,-0.22340436,,-0.33827112,0.154415074,-0.212357535,-0.282877171,0.003229851,-0.254985766,0.041887788,0.043182771,-0.124543729,,-0.149292102,-0.138185228,-0.338979559,0.029808309,0.018532512,-0.147298751,-0.40463834,-0.116266785,-0.094211536,,0.16665017,0.039675734,0.116641817,0.109634422,0.040510256,0.131463627,-0.049343371,-0.071431656,-0.106218899,,-0.163081686,-0.122725119,0.13140861,-0.005958661,-0.166950381,-0.0035718,0.106935198,-0.131267509,-0.059209558,,-0.246797309,-0.046032612,-0.210509534,0.032721296,0.018720893,-0.015777855,-0.023907737,-0.012393712,-0.005921625,,3.258460634,0.509019684,1.073881273,1.112320452,0.005739491,-0.017608899,0.147513014,-0.203497965,-0.132343688,,2.987240407,2.23278774,2.716926049,1.160459711,0.610016126,0.830490762,0.178208681,0.057131928,0.145664293,,4.78123555,1.746341999,2.788250725,2.926477208,0.209888085,0.711303917,1.095858115,-0.09492543,-0.020773429
BPHYT_RS15135,BPHYT_RS15135,3-ketoacyl-ACP reductase,0.016352121,-0.094209151,0.245770592,0.009136247,,,0.197762672,-0.025905379,-0.01349801,0.254987559,0.310724382,-0.121338586,-0.327704063,0.34837487,0.177693629,,0.146393117,0.054057693,-0.170256778,-0.219530375,0.581510257,0.535511602,-0.188005016,-0.167033133,-0.27688727,,0.511227102,0.246865739,-0.015048264,-0.179413415,0.712611128,0.302301113,0.039419552,0.288997394,0.244859531,,-0.225197425,-0.003057013,0.236160933,0.205219885,0.315522449,0.344441749,-0.05094377,0.10528398,-0.078270629,,0.192565605,0.602701873,-0.253955449,-0.149148824,0.117645118,0.021874669,-0.029257026,0.513332516,0.062438656,,0.202045753,0.197120839,0.174755327,0.282246776,-0.122309467,0.337747154,0.159781626,-0.045369276,0.281615843,,-0.304203335,-0.576536382,-0.169125241,0.196842164,0.208430873,0.184569469,0.090582052,0.163545036,0.330622009,,-0.622166875,0.077704329,0.46720939,-0.227775448,0.515150127,0.451371519,-0.227138186,0.296892004,0.487113239,,3.68713988,0.883749697,0.96168714,1.621163101,0.177891073,0.515607665,0.650998404,0.239758611,0.115403393,,3.349809476,2.667654774,3.061214293,1.305036486,0.89585808,1.102269411,0.274176324,0.441468639,0.109953101,,5.261758495,1.974863032,2.851678216,3.137597805,0.801190404,0.609197561,0.730755624,0.300375352,0.420179415
BPHYT_RS15140,BPHYT_RS15140,beta-hydroxyacyl-ACP dehydratase,0.0163399,-0.243802754,-0.351949896,-0.250505465,,,-0.115154785,-0.788924895,-0.349285012,0.103094365,-0.355504795,-0.23102942,0.297536643,-0.581120823,-0.311522032,,0.090920687,-0.870860405,-0.248638165,-0.959186327,-0.754187943,-0.002919929,-0.386377008,-0.92262658,0.035269062,,0.302344267,0.091785034,-0.531942705,-0.046901504,-0.501760116,-0.537159705,-0.049622004,-0.218605446,-0.221411577,,0.583996496,-0.00402408,0.161548199,-0.227112666,-0.460648099,-0.399794897,-0.744570092,-0.298919277,-0.088407037,,0.436600136,-0.595322727,-0.478623875,0.370019896,-0.154449231,-0.384583733,0.320414034,-0.156790631,-0.114882487,,-0.603114918,-0.136555634,-0.062132663,-0.453396988,-0.047437693,0.078122617,-0.611732271,0.075703711,-0.18970244,,0.360402835,-0.313907311,-0.16219238,-0.344682141,0.054564002,-0.27340923,-0.360616195,-0.171598149,-0.407408048,,-0.275228883,-0.412942657,-0.298342882,-0.169734315,-0.513504042,-0.52730962,-0.171684004,-0.03077554,-0.046779457,,3.792566895,0.355279448,0.968707146,1.461027117,-0.051865556,-0.204117368,0.872881111,-0.127937217,0.068244001,,3.476854763,2.089889893,2.408794619,1.423215762,0.204037444,0.454273852,0.540807367,-0.259126213,-0.126674958,,5.127681729,1.618270034,2.591668233,3.351334941,0.118302403,0.326041614,0.859157979,-0.308108829,-0.223466002
BPHYT_RS15145,BPHYT_RS15145,3-oxoacyl-ACP synthase,-0.007275948,-0.14774191,0.087899651,0.537810095,,,-0.431663739,-0.265249693,0.534366846,-0.020541741,-0.172121851,0.434885931,0.088278338,0.059383495,0.106205585,,-0.16403417,-0.293630841,0.669342302,-0.59014686,-0.353561323,0.176333962,0.248311174,-0.472666159,0.543052734,,0.119270471,-0.404019155,0.563895507,-0.033538785,0.475788484,-0.064640438,0.23634157,-0.242589393,-0.06541294,,-0.25341315,-0.492579228,0.235855518,-0.028820954,-0.021346945,0.325403103,-0.729038841,-0.379523749,0.47876092,,0.616057903,-0.667028497,-0.093264592,0.300839636,0.07513074,0.117509948,-0.017105917,-0.431682275,0.185861639,,0.355892605,0.459963332,0.34012144,0.143753619,-0.186735798,0.541749283,0.335722209,-0.346343576,0.054416886,,0.766861484,0.49931664,0.588313897,-0.145818168,-0.14404739,0.096937656,0.374947894,-0.265054507,0.094754114,,-0.284079439,0.439473164,0.280629532,0.844300919,0.812314663,-0.146858541,-0.034132576,-0.253559352,-0.146952591,,3.883715154,0.593430778,1.717080459,1.768340324,0.237882959,0.700807109,0.02726949,-0.187622708,0.560033009,,3.587748807,3.117103488,3.247439171,1.659040588,1.062067552,1.021532561,0.233712666,0.148190881,-0.043337912,,5.528136325,2.096761759,3.454316424,3.515661137,0.273995021,0.77813695,1.291166187,-0.22784058,0.130654958
BPHYT_RS15150,BPHYT_RS15150,membrane protein,-0.014769788,-0.036934784,-0.097910965,-0.084335746,,,-0.309679126,-0.181004756,0.093704583,-0.190133298,0.090868066,-0.069770363,-0.204888508,0.074559587,0.05509952,,-0.119761014,-0.334221067,-0.221618167,-0.088768396,-0.51124136,-0.222353071,-0.352216,-0.020463782,0.078756052,,0.186105123,0.11489927,-0.376297531,0.007973999,0.126215203,-0.108452316,-0.113166138,0.018777692,-0.004663738,,-0.242653663,-0.236930283,-0.352801764,0.084055325,0.099691156,-0.007434692,0.055679561,-0.356785473,-0.110742675,,0.048915474,-0.06375973,-0.215972842,0.258896867,0.135166114,-0.171614444,-0.033293686,-0.073466564,-0.152286983,,0.24863377,-0.030510074,-0.202462861,0.404719745,0.066187796,-0.044889741,0.235335042,-0.095581456,0.010116726,,0.086656856,0.012360781,0.064097454,0.056937063,0.043981812,-0.171216712,0.059641474,-0.237800587,0.004278961,,-0.118496729,0.130717042,-0.177498588,0.355024168,-0.033706163,0.02764828,0.347607417,-0.023815495,0.067518056,,3.269551031,0.640408979,0.928262608,1.331949994,0.074500919,0.162594166,0.290522667,-0.127413076,-0.063691052,,2.978838894,2.348916965,2.700767022,1.301012266,0.54020375,0.718697258,0.085855259,0.148082982,-0.047956975,,4.367501903,1.721241292,2.64131568,2.980942084,0.46955463,0.639098032,1.176718912,-0.013329831,0.055444128
BPHYT_RS15155,BPHYT_RS15155,hypothetical protein,0.017329079,0.05507517,-0.028572054,0.046091681,,,0.512621072,-0.122038113,0.101473313,0.40419491,-0.215730663,0.032419487,-0.434607866,-0.525558144,-0.178639106,,-0.234943825,-0.86434007,0.374220506,-0.309444467,-0.826198532,-0.016954577,0.122880978,0.414326467,-0.299987279,,-0.354765427,-0.593876027,0.304779725,-0.256929008,-0.41956012,-0.250452837,0.434823334,-0.10087547,0.181872632,,0.071094493,-0.299465706,0.028905251,-0.275308183,-0.267240468,0.101547399,-0.332603212,-0.435140796,-0.278154032,,0.130808017,-0.115653134,0.044257736,0.724878545,-0.013856366,0.292544011,0.073814954,-0.154844239,-0.03968648,,-0.934971356,-0.080657149,-0.012188283,-0.039653908,-0.230233356,-0.011223564,-0.346110829,0.398081592,-0.154892038,,-0.217263527,-0.394377462,-0.096692896,-0.363180692,-0.257543904,-0.004225392,-0.149872847,0.270973691,0.109750174,,0.107668007,-0.032523403,0.170238573,0.333197923,0.047485702,-0.145998222,-0.332357512,0.058729264,-0.240302974,,3.194196393,0.821892487,0.957539105,1.466625738,-0.024040186,0.144863788,0.389698317,-0.022505829,0.140765418,,2.940347275,2.543416969,2.830589695,1.264644597,0.800177878,0.729404278,0.308152696,0.1815621,-0.144495451,,4.449399662,1.943709941,2.867233602,3.115032538,0.577334551,0.884810881,1.459299062,-0.039112776,0.039882834
BPHYT_RS15160,BPHYT_RS15160,hypothetical protein,0.016085981,-0.063423549,0.050695701,-0.004360399,,,-0.422747291,-0.180950548,-0.126169909,0.235719761,-0.022386495,0.049458109,0.042519726,-0.055512795,0.365525556,,0.344150481,-0.104436998,0.076402105,-0.310875565,-0.107714694,0.330685945,-0.129695426,0.179529299,0.505197676,,-0.833805055,-0.1936121,-0.159872695,-0.061008877,0.157212167,0.212640557,-0.318962696,0.060353187,0.143602093,,0.038727582,0.254779995,-0.103077006,0.088869288,0.167761112,-0.116378236,0.137273953,-0.097667082,-0.336905275,,0.175135439,0.057427307,-0.347450436,0.407890958,-0.286806287,0.288494724,0.127377285,0.036324101,-0.397300523,,0.012841147,0.067476922,0.177061928,0.167889415,0.214739823,0.218352871,0.292793024,-0.004077777,-0.019636305,,0.160697218,-0.695927207,0.03339962,-0.123608417,-0.071568435,0.226931525,0.11827708,0.074757724,-0.013447272,,-0.246016735,0.335795964,-0.109099331,0.129668805,0.105557893,0.182456657,-0.040518424,0.256904216,0.096515796,,3.746290624,0.718825574,1.283215833,1.717550825,0.137762384,0.163851973,0.539918198,0.182587903,-0.070190191,,3.324779864,2.632267944,2.872722575,1.37409728,0.47946982,0.928991517,0.08978711,0.380199233,0.202869618,,5.411867613,1.736097547,2.570588809,3.028728942,0.546308324,0.932283465,1.404488801,0.142241482,0.062329163
BPHYT_RS15165,BPHYT_RS15165,histidine ammonia-lyase,0.003602614,-0.268073329,-0.249679975,-0.566612539,,,-1.044032386,-0.440271007,-0.999064744,-0.08892157,-0.201310404,0.016751769,-0.085699451,-0.006795309,-0.469885314,,0.303374713,-0.016742696,-0.287522311,0.353741833,-0.359766441,0.121485374,-0.101835651,0.405772905,-0.266812109,,0.253819007,0.15995302,-0.323410554,-1.528335916,-0.004463942,-0.91588475,0.049462208,0.157174877,-0.148315034,,0.30509407,-0.700298566,-0.941890015,-0.596540881,-0.212524709,-0.375709481,0.024745564,-0.232536944,-0.662819483,,0.26964903,-0.511582714,-1.042645243,-0.374810744,-0.098269092,-0.514665648,-0.273362429,-0.658110215,-0.541792149,,-0.007318849,-0.390177145,-0.3733515,-0.089676001,-0.638750535,-0.367512535,-0.155059093,-0.674284379,-0.835955817,,0.178485524,-0.453700386,-0.027378029,-0.132639143,-0.886458407,-0.201955461,-0.141193353,-0.510093789,-0.949244988,,0.764752126,-0.445449889,-1.240947992,0.400553207,-0.998856096,-0.438314764,-0.033590837,-0.775862039,-0.229685182,,3.032675625,0.157712006,0.813896059,0.568401295,-0.668240039,0.19482446,0.158438043,-0.374876807,-0.598504384,,2.783626672,1.90348141,2.265416997,0.967768411,0.229555479,0.328339047,0.353981085,-0.687262984,-0.745029675,,4.491039084,1.281573648,2.272853953,2.817230052,-0.22484815,0.309284502,0.870879488,-0.6491534,-0.30256484
BPHYT_RS15170,BPHYT_RS15170,family 2 glycosyl transferase,-0.000739342,0.091152587,-0.071919651,0.103363013,,,-0.277407366,0.132592029,-0.244664614,0.058555494,-0.054838318,0.197529181,-0.349183937,-0.223317491,0.209851622,,-0.024084162,-0.238812704,-0.235430735,-0.800050316,-0.160222545,0.377001405,0.132693649,-0.067744109,0.299142126,,-0.154168154,-0.127775373,0.212593174,-0.186068165,0.279381063,-0.219494565,0.05172195,0.196173151,-0.112441022,,0.212626751,-0.308676663,0.078676619,-0.260383533,-0.047865746,0.075862105,0.317299513,0.073608978,-0.109733406,,0.126368799,-0.125686596,-0.341456153,-0.028779541,-0.174318966,0.35662328,0.194291808,-0.056821424,-0.039787015,,-0.340972186,-0.005880575,-0.325749603,0.083421097,-0.169390657,0.020853861,-0.066935204,-0.230712535,0.0815981,,-0.204343248,0.008535372,0.391436245,-0.018322729,-0.119248722,0.347600634,0.19807692,0.098006208,0.214263707,,-0.359526556,-0.33608509,0.636863835,-0.291617835,-0.042551765,0.157873777,-0.116390513,0.121056452,0.099932138,,3.254066032,0.830008231,1.040886873,1.486352817,0.228472883,0.240548199,0.452038625,0.130662561,0.259226166,,2.967947809,2.356543655,2.977979663,1.353361455,0.503919969,0.951761054,0.522120576,-0.109629721,0.496450379,,4.758715748,1.596542827,3.112097418,3.003622648,0.553701884,0.929065376,1.471747556,0.018790905,0.521773188
BPHYT_RS15175,BPHYT_RS15175,AMP-dependent synthetase,-0.016461948,-0.018179581,0.053369748,0.021224178,,,-0.402893735,-0.005804768,0.159716829,-0.202438708,-0.173770548,0.164172688,-0.2718508,-0.018753333,0.06530839,,-0.11060847,-0.041290374,0.289065829,-0.311922185,-0.208025042,0.113442811,-0.097093023,-0.271766557,0.054788949,,-0.488131917,-0.026814389,-0.0883881,-0.095467789,-0.265631926,-0.050743814,-0.081502635,-0.029612966,0.116688957,,-0.132549467,-0.162020255,-0.014165266,-0.088640773,0.091512534,-0.045452899,0.170651735,-0.017291524,-0.171678078,,-0.039508771,-0.314525294,0.0106231,-0.210699808,0.094197653,-0.042138275,-0.142988106,0.015206298,0.013609694,,0.08544639,0.121478331,0.026092172,0.406547973,0.003665553,-0.036030251,0.003931037,-0.055773877,0.070440572,,0.051433407,-0.002550256,0.018368621,0.294610636,0.049157447,0.153201572,-0.002326667,0.252459129,0.023956525,,-0.321471194,0.070790409,0.168933612,0.275009848,0.143089696,0.217505063,0.198185593,0.207198665,0.155717597,,3.296245022,0.812053323,1.332220902,1.16463145,0.075432915,0.279938315,0.069569191,-0.097564316,0.04076247,,2.924282841,2.613067207,3.067359197,1.004249218,0.592716008,0.918789105,-0.119657317,0.113672946,0.003740105,,4.779702655,1.876856152,3.080469866,3.045533,0.401998265,0.869247106,0.865497427,0.134765228,0.114517093
BPHYT_RS15190,BPHYT_RS15190,acyl carrier protein,-0.097945409,-0.122662241,-0.406985248,0.209852582,,,0.511699658,0.096024179,1.24501743,-0.937145245,-0.204818222,0.240781301,1.355106451,0.357117854,0.192370704,,1.178890858,0.475605287,0.417597421,0.947652197,-0.671819705,0.948228454,0.817960406,-0.819703389,0.907679801,,-0.80449041,0.666578901,-0.340559565,-0.317907935,-0.322372023,0.201654871,-1.15538949,-0.383090968,0.247766789,,1.40867882,0.332850823,0.287551165,0.62504238,-1.172553442,0.430618843,1.373734886,0.149070057,0.678839443,,1.640895678,0.301585048,1.376562323,1.568357547,0.043312391,-0.031141517,0.186372334,-0.568472288,0.441933966,,-0.586724458,0.464312312,0.442821851,0.196460471,0.096298659,0.368193418,-0.336383603,0.074732221,0.229556368,,-0.570507218,-0.773602636,0.159347151,0.119001696,0.709557569,0.229950812,0.053448046,0.060018522,0.270180172,,0.008055394,-0.539647752,1.650164156,-0.441737115,-0.129130516,0.5810341,0.276646545,-0.234313695,0.962678609,,3.606096984,0.653878951,2.010565542,2.101459513,0.084957549,0.741807159,0.500999756,0.599635908,0.780702156,,3.850766662,3.09590051,3.324418347,1.268296346,-0.025298835,1.257706144,-0.143837972,0.311211897,-0.024506439,,4.668783243,1.74095269,2.357546083,3.233341455,0.238821416,0.753893232,-0.810474447,0.422503088,-0.207318595
BPHYT_RS15195,BPHYT_RS15195,glycerol acyltransferase,0.017519755,-0.14544469,0.016717505,0.045962844,,,-0.320253956,-0.121214541,-0.344774386,-0.069574137,-0.115478912,0.115067835,-0.20811017,-0.012091853,0.058602964,,-0.477827373,0.054754128,-0.151194149,-0.416141212,-0.039711191,0.040697363,-0.032155307,0.183866318,-0.137508398,,0.478658632,-0.261368253,-0.171563059,-0.291128867,0.09036844,0.125965559,0.000396043,0.070674733,0.064021898,,-0.177109542,-0.055238095,0.003029564,-0.199718733,0.047320623,0.037989188,-0.079129047,0.055347061,0.178118283,,-0.262004017,-0.149659855,-0.285765497,-0.021614059,-0.261862081,0.023092949,-0.042637411,0.115501785,0.051860073,,-0.155917621,-0.240821879,-0.06327058,0.097233271,0.036844563,0.063059277,-0.084591829,0.011736638,-0.111877431,,-0.123690059,0.073510886,0.124013717,0.186169949,0.084130265,0.139357703,-0.060828303,0.135998174,0.44631543,,-0.120101281,0.295203346,-0.012018942,0.167986857,0.299963952,0.134190001,0.163932631,0.132206445,0.067640851,,3.467386236,0.50209958,1.220574345,1.227357192,0.056162609,0.183026656,0.0877724,-0.003507294,-0.026027944,,2.999010274,2.449995824,2.96578569,1.482266325,0.649777577,0.886770164,0.309134727,0.029149311,0.11796765,,4.959284634,1.904385873,2.970269488,3.171327476,0.486260491,0.781170034,0.960357873,0.013852668,0.101818669
BPHYT_RS15200,BPHYT_RS15200,hypothetical protein,0.022708819,0.102644456,0.119999287,0.070577382,,,0.244551886,0.262618082,0.239748552,0.126076058,0.085480929,-0.017408112,0.820930972,0.124997769,0.2762124,,-0.128859328,0.27006203,0.286940348,0.048336212,0.163790814,0.189718411,-0.264127436,-0.248566985,0.034946217,,0.198005625,-0.022519877,0.562529769,0.072013034,0.058784378,0.429832886,0.716718024,0.178647823,-0.035736229,,0.02540663,0.300580918,-0.072401662,0.232589873,-0.132592565,0.021878135,-0.15599403,0.225418453,-0.0472744,,0.51237904,0.253637114,0.02995086,0.584050327,-0.027529306,0.158112078,0.397193902,0.187094703,-0.038950063,,0.369922516,0.336207091,0.125384816,0.275859497,0.258880163,0.347681484,0.317624185,0.227748467,0.088183475,,0.261548544,-0.189194139,0.40342148,0.038148187,0.19678063,0.508695973,0.19411053,-0.048837822,0.134416677,,-0.268509423,-0.030974604,0.346020983,0.684092674,0.225180857,-0.062574,0.233967257,0.263191466,0.284121059,,4.075526282,0.881453928,1.074659242,1.667840862,0.194156895,0.375606159,0.646034003,0.261675033,0.100154862,,4.086708186,2.628742939,3.111831445,1.949199427,0.693406328,0.822923371,0.507191111,0.097564846,0.569739947,,5.541335046,2.345358937,3.047914209,3.64201738,0.737600792,1.086674194,1.67358543,0.445345702,0.261845486
BPHYT_RS16590,BPHYT_RS16590,Fis family transcriptional regulator,-0.011450319,-0.157650418,0.221401388,0.233230092,,,-0.304352571,0.281609676,-0.078502145,-0.042446582,0.334689451,0.094207722,-0.158949485,0.276924962,0.046159103,,1.842555731,2.081890023,2.295672083,2.575582892,2.45255472,3.014719101,2.502305054,2.241177829,3.785485398,,1.787930141,1.806838258,2.271844156,0.575717368,0.632637304,0.525126444,0.472815956,0.241105917,0.195060526,,2.078947822,0.686252043,0.876837496,1.093567488,0.350442648,0.426438294,-0.133431137,0.326256867,0.161754171,,-0.134510401,1.295418596,1.448240541,-0.092489557,0.468866407,0.181428129,-0.134854131,0.249437592,0.272443821,,0.042917592,0.072992768,0.199129901,-0.201505584,0.142539286,0.325026301,-0.247780048,0.358506285,0.209884203,,-0.265304766,0.497622425,0.72260576,0.082618184,0.217346569,0.548322271,-0.168149905,0.177268416,0.190491911,,0.288104724,-0.019508676,0.303967445,0.522902105,0.115487623,0.290957721,0.024389019,0.265182953,0.143863435,,0.272034718,0.191020486,0.261168207,0.277167341,0.220122884,0.333899267,-0.539353493,0.383211944,-0.066235936,,0.795734513,0.264006886,0.815247627,0.650024494,0.532605137,0.432101376,-0.081749933,0.342166367,0.498717968,,1.319734234,0.497184026,0.872938034,0.662809229,0.528138155,0.387080945,0.125589067,0.224500581,0.007701715
BPHYT_RS16840,BPHYT_RS16840,transketolase,-0.099365416,-0.272606711,0.365566919,0.619935525,,,2.15371892,0.895546855,1.21345621,0.514925555,0.215561354,1.034745062,-0.103285711,-0.101501538,-0.032397733,,1.588874173,1.450598697,2.22793804,3.209044657,1.940993696,2.388848893,3.408975076,0.996163141,2.350142609,,1.653737247,1.324201172,3.264758579,0.264271454,1.002376058,1.01744867,0.419853331,0.421012206,0.648548561,,3.078439465,0.829250314,0.8373403,1.931232564,0.826995854,0.532240904,0.083665457,0.699653103,0.389687095,,0.068061704,1.594550991,2.104041608,0.052121692,0.417357914,0.373263675,0.262775588,0.610343953,0.184083974,,2.49230415,0.569862196,0.906394779,0.408075333,0.1528089,0.188433447,-0.568601035,0.900241565,0.675048922,,4.217523829,1.414042651,2.007847677,2.868117159,1.114672915,0.987884162,0.37850901,0.34180451,0.25783772,,0.030797312,1.410067623,1.475068842,3.68911944,-4.58325E-05,1.291383901,0.429043422,0.480569611,0.001856646,,2.638824277,1.167018812,1.914209832,1.385390172,0.656271942,0.762139315,0.937714591,-0.26122771,1.107734093,,3.057272673,3.126719794,3.238704054,0.73186959,0.580722885,1.297104987,0.100221497,0.272508489,0.591989184,,4.208574929,2.461164217,2.785826892,2.745153908,0.53480133,1.377246111,0.78923132,0.838095724,0.339667237
BPHYT_RS17095,BPHYT_RS17095,proline--tRNA ligase,-0.016866081,1.000775677,1.616946158,1.612413493,,,1.393982744,0.886819434,1.508261612,1.458006545,1.481567431,1.514786055,1.067045428,1.757086813,1.829973016,,3.098983554,2.709005846,3.016442223,3.300528838,2.810489933,3.700744989,2.850986047,2.563598053,3.881681484,,2.79771747,1.950994771,2.899469513,1.828110646,1.580835143,2.049898664,1.412100025,1.419558194,1.543651984,,2.99472632,1.904837246,2.045012646,2.545683829,1.472535727,1.63289254,1.703259201,1.349935902,1.785563072,,0.792002274,1.713514117,2.533852691,0.570161588,1.891277371,1.602448657,0.747715135,1.753201222,1.64102203,,-2.058202294,-3.390511922,-3.719568263,-5.494694225,0.844498391,1.15932978,-4.416570336,1.661083462,1.816284139,,-0.979119314,-1.367961389,0.185734219,-3.793584332,-1.751331423,-1.353403629,-3.173147073,0.857782416,0.842078808,,-1.214632549,-3.43065256,-3.199078848,-2.269703294,-1.700910103,-0.899012807,-5.380303935,1.482252872,1.266736612,,-3.184719016,-3.289700774,-4.763677613,-4.524400708,-0.851373512,-1.4419533,-3.880369396,1.664383305,1.047827116,,-2.792518292,-4.195683067,-3.341662812,-3.500529769,-1.551918997,-2.068491965,-1.160907794,0.38477111,-0.343797908,,-3.505536771,-1.93381907,-1.420397015,-3.931143668,-1.591612926,-1.937850827,-4.790303332,1.036778791,-0.170633992
BPHYT_RS17290,BPHYT_RS17290,porin,-0.005766296,0.124226137,0.286431772,0.422879486,,,0.21095922,0.381806478,0.641630172,-0.020445689,0.319224802,0.359324832,-0.043460528,0.140707894,0.444484181,,0.201601059,0.11972076,0.283600318,-0.033429968,-0.073234963,0.109448705,0.37346231,0.138852837,0.261654993,,0.250505101,0.115222431,0.289532752,0.186953178,0.321053474,0.529180676,0.047846577,0.301071306,0.413977021,,0.229857125,0.260697519,0.46325226,0.331837599,0.402290304,0.345528794,0.182595352,0.289181274,0.519681493,,-0.117307735,0.319663823,0.409211994,-0.046419001,0.169557848,0.306316389,0.070000783,0.382204235,0.395640827,,0.454776109,0.502340621,0.5408578,0.232169551,0.204775207,0.312902895,0.144007817,0.385846927,0.325228169,,0.255601755,0.726982022,0.771856331,0.466864384,0.569739286,0.6627864,0.227835883,0.474728141,0.370982282,,0.151887908,0.737944625,1.075103887,0.583026863,0.441372192,0.603804114,0.343285217,0.256548699,0.45684857,,3.220701338,0.867545104,1.461038819,1.305415371,0.347219624,0.51875012,0.224478497,0.244874743,0.471048553,,3.022498002,2.500859643,2.961993668,1.248497801,0.997988185,1.225946919,0.181033876,0.455041269,0.452338156,,4.659136268,2.013738803,2.896206786,2.931968663,0.924225969,1.219727431,1.120252153,0.460384485,0.553113051
BPHYT_RS17745,BPHYT_RS17745,toluene tolerance family protein,0.018133384,0.081874638,-0.925038025,-1.024133646,,,0.018279066,-0.412003231,-0.648607905,-0.417000827,-0.796501777,-0.857851314,-0.419562014,-0.997317472,-0.732656021,,2.137494095,0.956101401,0.053592447,2.838033281,1.479631713,1.435040439,3.243807443,1.363973715,1.639494742,,-0.689686875,-0.372156139,-1.024519869,-0.281083102,-0.684000052,-0.71369541,0.088540933,-0.770673841,-0.569472181,,0.965123138,-0.460299227,-0.50205882,0.44570108,-0.925251823,-0.749084766,0.507655593,-0.843070548,-1.275038874,,-0.155912415,-0.51080367,-0.740855591,-0.269254014,-0.986570229,-1.274845576,-0.209134215,-0.63259118,-1.212699936,,3.038048054,-0.216603717,-0.593027372,1.068633148,-0.882818754,-1.37946246,0.189553209,-0.991514313,-0.940384685,,5.062158469,1.686400955,1.560386353,3.232159807,-0.289335555,-0.396265626,1.114617929,-0.872194094,-1.026272143,,1.706670238,0.790160369,0.40472645,3.683383242,-0.873248818,-1.057476061,1.084032045,-0.934271104,-0.802348688,,2.631206588,-0.048689667,0.2844927,0.880980483,-1.088310478,-0.8876418,0.07072042,-0.853966925,-0.94365312,,2.779622158,1.388708954,1.475182673,0.601780783,-0.497362152,-0.20592687,-0.268323449,-0.949063119,-0.749741694,,3.357756725,0.798730369,1.068868571,2.387399105,-0.46614263,-0.429951678,0.656776516,-0.481710047,-0.777766288
BPHYT_RS17750,BPHYT_RS17750,VacJ family lipoprotein,0.007548543,0.204329033,0.082468854,0.121101496,,,0.788208993,0.756737959,0.500742683,0.352750806,0.243773319,0.175368176,0.137024535,0.147820876,0.174932894,,-0.249464027,-0.224705738,-0.124368697,-0.049842426,0.025453148,0.108038298,0.803108338,0.902861762,0.848224821,,-0.111716781,0.227427722,0.114994963,0.514586104,0.142285878,0.27990553,0.238206837,0.125217088,0.197243909,,0.205249171,0.310390333,0.490917622,0.501041323,0.182927349,0.193302709,0.328026999,0.154049268,0.125335898,,0.259197067,0.225632008,0.39981082,0.130208175,0.067720147,0.196380182,0.301423,0.137024043,0.065549383,,3.615989659,0.415976317,0.492127084,1.358724523,0.030852649,0.128919422,0.378648699,0.099426452,0.169370768,,3.702412368,2.324249302,3.007778255,2.803679509,0.82101557,1.003278467,0.940167053,0.233900603,0.270139907,,0.120154193,1.648381785,1.864874769,3.546338796,0.487365545,0.500253675,1.274043321,0.181939115,0.157728361,,2.299813185,0.633007008,0.918486135,1.29736667,0.196152095,0.249440811,0.422915775,0.037641245,0.114953373,,2.263228458,1.855922971,2.151021236,1.340360572,0.719500583,0.758295323,0.38874325,0.199491332,0.129990567,,2.601031126,1.403435232,1.945507935,2.281755914,0.630056577,0.80775934,1.059163395,0.267280661,0.18759265
BPHYT_RS17755,BPHYT_RS17755,ABC transporter substrate-binding protein,0.011758882,0.017525516,-0.579441001,-0.825390866,,,0.112400907,-0.023636204,-0.657761406,-0.117118416,-0.320977855,-0.677773537,-0.082149372,-0.283628587,-0.743181218,,1.787983689,1.229843203,0.458560292,2.676839028,1.716472408,1.818702349,2.830707983,1.659431552,1.885337108,,-0.37464907,-0.240919998,-0.689371123,0.097320669,-0.488602845,-1.114408501,-0.752939323,-0.147637079,-0.692749801,,0.461129524,-0.441915648,-0.2899776,0.123784826,-0.530121188,-0.609431533,0.107680877,-0.594263606,-0.950454924,,-0.107998437,-0.371610136,-0.902997023,-0.269324151,-0.638717614,-0.747348711,-0.431412522,-0.523901036,-0.936221407,,2.612277373,-0.10837141,-0.368093766,0.85825147,-0.699026734,-0.650700074,-0.027584687,-0.726992473,-0.510670675,,4.753696144,1.99830891,1.901071322,2.872995364,0.029512962,-0.133489686,0.827913563,-0.334215592,-0.317791571,,1.347296557,1.083529003,0.772694717,3.265311287,-0.459200488,-0.655211511,0.798946514,-0.637913382,-0.591203896,,2.416345663,0.085941818,0.49247372,0.902843355,-0.483744948,-0.489141744,0.013517457,-0.665073749,-0.753805153,,3.057705869,1.81599691,1.862599713,0.683897003,-0.304435374,-0.342382285,-0.007610853,-0.750567675,-0.545801599,,3.242941076,0.891925151,1.161047036,2.282504117,-0.349287484,-0.198392636,0.901300886,-0.570351814,-0.500552561
BPHYT_RS17760,BPHYT_RS17760,ABC transporter permease,0.00581823,-0.119072363,-1.03212905,-1.166779047,,,0.021014434,-0.768774397,-0.810862086,-0.296561522,-1.238322923,-1.122457963,-0.115250716,-1.083875612,-0.93337271,,1.338401299,0.609642099,0.194586627,2.181227484,1.15849681,1.35359158,2.193652672,0.933369045,1.637880864,,-0.145254944,-0.541996728,-0.845525544,0.130253735,-1.033915938,-1.22164687,-0.081279682,-0.936697043,-0.789264355,,0.319760275,-0.73363106,-0.87527187,0.082102906,-1.240114724,-0.996989077,-0.321466723,-0.917410821,-1.143652709,,-0.19114361,-0.68227872,-1.01192068,-0.353438214,-1.205447994,-0.812296398,-0.166638586,-1.148785287,-1.56595954,,2.26040334,-0.444406245,-0.573240434,0.41867243,-0.889660369,-1.248450482,-0.382810802,-0.838104268,-1.110602149,,3.886597234,1.383548801,1.441838257,2.215561504,-0.395552392,-0.298414632,0.279365706,-1.123133578,-0.876851019,,1.264770345,0.618741444,0.499613876,2.561974292,-0.868606183,-1.127676911,0.465647816,-1.05187668,-0.81260642,,2.431579927,-0.257845009,0.247286489,0.573717687,-1.052275915,-0.808854555,-0.350343155,-1.102261082,-1.152776051,,2.232192723,1.138666452,1.196647059,0.880545859,-0.573923412,-0.72880238,-0.007176346,-1.0779853,-0.911517893,,2.91994202,0.663986006,1.078551492,2.272444647,-0.557293202,-0.737855635,0.830186091,-1.094899464,-0.798450008
BPHYT_RS17765,BPHYT_RS17765,toluene ABC transporter ATP-binding protein,0.013358814,-0.177895571,-0.91500251,-1.19992105,,,0.270608521,-0.48561284,-1.020216184,-0.255651844,-0.731311397,-0.760358204,-0.30412593,-0.759921822,-1.089167291,,1.85307916,0.984363096,0.357459588,2.640549082,1.525805548,1.333210528,2.651326381,1.041282643,1.693109674,,-0.399183987,-0.675000237,-0.937474884,-0.228592556,-0.836412693,-1.511944458,0.149004176,-0.596708847,-0.978663414,,0.421898609,-0.487796352,-0.817800242,0.120283678,-0.535482643,-0.93773799,0.236107266,-0.980491623,-1.248713929,,0.113437344,-0.569508613,-1.227141984,0.093054272,-0.940895938,-0.902229374,0.068041055,-0.860521243,-1.285574981,,2.416044306,-0.520414077,-0.457085013,1.013102605,-0.891916508,-0.905722829,-0.070904025,-1.071172991,-0.890791516,,4.871299944,1.53311292,1.482848697,2.964192082,-0.488562754,-0.622007028,0.718954456,-1.090274988,-0.771112184,,1.607937247,0.795759922,0.446764911,3.531118607,-0.882112533,-0.912083392,0.982593156,-0.62839874,-0.868994165,,2.580406672,-0.10959645,0.363392717,0.674089622,-1.097852201,-0.845016258,0.213652958,-1.033340018,-1.088006626,,2.882290836,1.253565433,1.328676856,1.119537267,-0.778840394,-0.744869795,0.290347888,-1.212841014,-0.974758625,,3.463594869,0.731943826,0.950995228,2.270857993,-0.582636021,-0.489821879,0.50933606,-0.965479456,-0.7927614
BPHYT_RS18655,BPHYT_RS18655,3-oxoacyl-ACP synthase,0.014663615,0.435717275,1.504615861,1.819001679,,,2.647391102,2.668922625,3.113981874,1.0614721,1.65412847,2.276943594,0.816466382,1.708521853,2.134526465,,1.87200019,2.04516011,4.1062176,1.838586259,2.315461731,3.661256687,1.214401125,1.358571283,3.712209821,,2.308718469,3.243271881,4.566483864,1.626942919,2.188361245,2.927853573,0.886863331,1.546546748,1.838276765,,2.367000771,2.053086175,2.646365297,1.759289046,1.499743936,2.068157327,0.548821971,1.652320554,2.010170697,,0.851511332,2.51605819,3.188604114,0.710330118,1.749941432,2.410306419,1.03734342,1.549693945,1.760436914,,1.370062643,1.315907771,1.28529644,0.610438665,0.967617469,1.631617196,0.59981596,1.546035143,1.67858678,,0.63159254,1.31796968,2.385780277,1.506958912,1.82092804,2.68421285,0.960264367,1.477257307,1.617659418,,-0.372838238,0.581003884,2.25265388,-0.446533618,1.601150623,1.893820551,0.403959232,1.567926976,1.726676156,,1.870516362,1.603797914,2.085589044,1.759675252,1.612992952,1.832382179,0.660721262,1.606647331,1.827483304,,1.023116492,2.259662886,2.887677731,1.314734211,2.183919466,2.54155319,1.209571678,1.61846816,1.944896747,,0.303883636,2.000592846,3.123656126,1.347916985,1.882894165,2.369422803,0.963031728,1.512485292,1.9013963
BPHYT_RS19565,BPHYT_RS19565,gamma-glutamyl:cysteine ligase,0.001513211,1.337533187,2.940945196,2.925131245,,,0.534822918,2.018791963,2.347683145,0.949035255,2.923349887,2.989117102,0.962677815,3.096335978,3.064198847,,2.458244155,2.740564468,3.974030758,2.487859794,2.732146243,4.002889943,1.715264453,2.332963759,4.086770977,,2.471250644,2.553176592,3.466244624,0.83774412,2.437470301,2.704550273,0.686198247,2.739897918,2.67536694,,2.241962294,1.799263143,2.237974687,2.079310389,2.753015466,2.6632242,2.319274681,2.867880503,3.103333492,,0.786368416,1.618447835,2.365412718,0.931512461,2.764933193,2.658211795,1.092091078,2.919230473,3.008303503,,-0.907229567,2.224367053,1.971243832,-0.654655922,2.721417533,3.004165398,0.668527398,3.194523494,2.969736975,,0.793214081,2.617751928,4.05143018,1.42850216,3.480796897,4.082787905,1.72647087,3.164261825,2.996018485,,-1.378117796,0.934013422,2.005131827,-1.102091451,2.902545699,3.154060602,-0.232804037,3.177393156,3.091083911,,0.237170003,1.729538524,1.469408389,0.791442065,3.071048514,2.919652026,0.876497963,3.192166325,3.198227703,,1.429643243,2.3643879,2.753176844,1.351290996,3.101699805,3.44214254,1.030192885,3.229181945,3.280080067,,0.6496446,2.115180935,3.458306567,0.997257462,2.974748058,3.162930832,1.270651471,3.07673384,3.162447546
BPHYT_RS19570,BPHYT_RS19570,sodium/hydrogen exchanger,-0.002648732,1.384798087,2.940182567,2.964776793,,,0.682352674,2.011395587,2.435305934,0.982276068,2.880443871,3.011771245,0.955165244,3.039441285,3.112072701,,2.410301612,2.620920409,3.867387736,2.427281237,2.663417193,3.791818057,1.720352127,2.087426508,3.872653118,,2.251070402,2.224532678,3.425520397,0.901699507,2.3616507,2.873201899,0.774842162,2.660611988,2.708964613,,2.124701756,1.958331308,2.391086542,2.336999042,2.723757667,2.720250024,2.455367337,2.889956039,3.182815434,,0.911478569,1.656665916,2.511207793,0.819880737,2.762684943,2.759862554,1.113904622,2.8874488,3.009843723,,-0.759668966,2.156879324,1.875377604,-0.775318432,2.765625657,2.972493116,0.699913804,3.227336255,2.993175913,,0.848159664,2.52701716,4.060310785,1.535877808,3.470355082,4.074049142,1.777763162,3.204129548,3.00707273,,-1.215892135,0.670865067,1.909243316,-1.120921153,2.854912713,3.109368481,-0.337162207,3.164541748,3.072952869,,0.278434278,1.619242047,1.34614895,0.911603016,3.023711853,2.896081614,0.841166831,3.186355543,3.213096072,,1.495305126,2.228361447,2.655159977,1.307654919,3.088335967,3.358170398,1.141183246,3.263343285,3.23016805,,0.500241054,2.102103596,3.265364104,1.008094961,2.943365918,3.171673825,1.195750645,3.116002136,3.168475411
BPHYT_RS33215,BPHYT_RS33215,glycosyltransferase,-0.034814232,0.033597112,-0.297178647,0.487030874,,,2.557667483,-0.642861309,1.385695468,-0.233801298,-1.026111494,0.192284337,-0.380116435,-0.61627276,0.614188159,,-1.272420368,-0.579596062,0.316009032,0.564235028,-0.502098816,-0.174210415,0.369140754,-0.609490697,0.508811297,,1.995543601,1.005589863,2.294108947,1.862119109,0.431130365,1.197959899,0.010204273,0.247540544,-0.2095972,,1.932569559,0.516207117,1.177442884,0.845640854,-0.287347712,0.022941286,-0.01641803,-0.14404326,-0.254811637,,1.029518922,0.403613371,1.816655534,0.013588734,-0.263635289,0.321125401,0.970480634,-0.861944849,-0.725674953,,0.886274099,-0.405770465,-0.224203689,-0.622982685,0.620713378,0.014262602,0.045935157,-0.437437094,-0.403520859,,2.533581549,1.517639105,3.327502783,2.214101323,0.114592922,1.181613467,0.044732018,-0.748014756,0.380273526,,0.330253046,-1.095337901,-1.594468221,-1.080249869,-0.560632907,-0.105908134,-1.136826961,-0.641014841,-0.337886435,,2.412249657,-0.108967337,-0.025285963,1.251816689,-0.066840263,0.454993951,1.336820228,-0.225335727,0.618217054,,3.218928014,2.161348255,3.258380211,1.105185861,0.797472006,0.566716311,-0.037151228,-0.219058628,-0.717043753,,4.764628523,1.307099157,2.61300275,3.104723384,0.009953002,0.853881992,2.313165722,0.025249626,-0.22983729
BPHYT_RS33220,BPHYT_RS33220,group 1 glycosyl transferase,-0.006140658,-0.291172815,-0.437001206,-0.45991307,,,1.666707061,0.433704864,0.494019927,-0.210941395,-0.32729694,-0.398798191,-0.275227476,-0.231268524,-1.137113172,,-0.409763394,0.036326213,-0.169847907,0.230853755,-0.072098319,0.181870773,0.167283572,-0.204242979,-0.256510213,,1.476459411,1.378421485,1.799426623,0.666662392,0.493055286,0.286440978,-0.666693025,-0.02148399,-0.195532277,,2.261234577,0.514465338,0.42427108,0.882012833,-0.2293921,-0.405594339,-0.062702839,-0.022229311,-0.508788145,,-0.437845889,0.716635102,1.065089455,-0.61902873,0.07185261,-0.038050091,-0.716178703,-0.668986404,-0.57065061,,0.787812261,-0.653657181,-0.777721013,-0.299968099,-0.32626988,-0.099041538,0.033455986,-0.373079426,-0.329262247,,2.615654783,1.236985842,2.117257854,2.17087065,0.339898688,0.505670766,0.3568649,-0.331176144,-0.453753215,,0.410912162,-1.479106231,-0.912882453,-0.251521651,-0.493628641,-0.562414598,-0.390101606,-0.38427619,-0.515400101,,1.380008888,-0.485057061,-0.384733942,0.334185996,-0.441429798,-0.049497753,-0.074143193,-0.231494891,-0.439527978,,2.36174888,2.019523909,2.399671522,0.695665972,0.084757259,0.211439299,-0.383251211,-0.186606515,-0.170669081,,4.213842368,1.246774643,2.209950692,2.3345949,-0.080694075,0.322282714,0.534302077,-0.416243776,-0.863186151
BPHYT_RS33225,BPHYT_RS33225,NAD-dependent epimerase/dehydratase,-0.000752023,-0.004609939,-0.192180332,-0.156645629,,,0.624821211,-0.604637472,-0.635443298,-0.153056899,-0.260722092,-0.338846293,-0.16484787,0.01752553,-0.189203013,,0.302310506,0.562077097,0.271424215,0.296376424,0.530715969,0.623586997,0.011570341,0.072287118,0.48017672,,-0.126065656,0.024176052,0.212441035,0.142526102,0.247751241,-0.146196795,-0.018280137,-0.090089468,-0.11692321,,0.512255794,0.126501564,0.23218172,0.206834064,0.117552318,-0.28396737,0.016169008,-0.096544254,-0.263684368,,-0.243554815,0.128441074,0.045331936,0.035473667,-0.189385365,-0.207669376,0.047688708,-0.056182347,-0.346662911,,-0.771379209,-2.696210387,-2.369440161,-2.065113708,-0.603274349,-0.587766001,-0.804864408,-0.449290592,-0.186615743,,0.877456124,-0.072417061,0.3125994,0.915122811,-0.308974432,0.088428743,0.298215417,-0.490583768,-0.28726216,,0.249707053,-2.215742502,-2.323476896,-0.393728783,-2.198915449,-1.700845406,-1.688697542,-0.867917824,-0.787183887,,-0.262752982,-1.259204848,-0.929096815,-0.430478953,-0.603458292,-0.42881145,-0.14004475,0.120306474,-0.300943011,,3.111158744,2.350042497,2.766613202,1.205975801,0.671285646,0.654244638,-0.139546174,0.464009518,0.071154862,,4.305011259,1.293051127,2.471495771,2.826573004,0.12564596,0.212093606,0.912633737,-0.29379756,-0.123570506
BPHYT_RS33920,BPHYT_RS33920,type II citrate synthase,-0.007089414,0.725340795,1.97906556,1.675486012,,,2.642847211,3.089909122,2.718953154,1.084930548,2.273919808,1.864769001,0.488156398,2.227830441,1.574115569,,0.325749535,0.762515738,1.140218061,1.110370089,1.21523384,1.587728021,0.187510017,0.899623065,1.061176314,,2.674554664,2.792824428,3.446286096,1.691906653,2.713172075,2.406295723,0.729540531,1.737705697,1.235415386,,3.467175103,2.641213948,2.289324803,2.6269334,2.233999213,1.723944547,1.673033276,1.887787352,1.499270383,,0.864680991,2.630353542,2.755991226,0.352477195,2.374433208,1.704360471,0.677395466,2.075963508,1.61869095,,1.733288385,1.696850781,1.766157609,0.115077929,1.82646862,1.695145379,0.491359055,1.802409146,1.774170975,,1.668666969,2.336797356,4.292133641,0.914687425,2.082258478,2.566763292,0.500017036,1.906615063,1.763909005,,-0.934880793,3.289114719,4.315598001,2.004620261,2.424674956,2.600606461,0.51867092,2.009063218,1.939475316,,1.151736731,1.608886823,1.71277216,1.226833499,2.078857406,1.909351516,0.743413084,1.959725913,1.966194185,,0.422933652,1.947854394,1.938765478,0.668962834,2.127297106,2.279311897,0.578213124,2.237413109,1.938139428,,0.687621283,2.439764483,3.120174138,1.012820952,2.387231398,2.204974585,0.648124757,2.025676985,1.849378663
